,0
2020-02-18,1.0
2020-02-19,0.9993
2020-02-20,0.9965817700832241
2020-02-21,1.0050665610595688
2020-02-22,1.0025941384060062
2020-02-23,1.0156827723962332
2020-02-24,1.0033781261474812
2020-02-25,0.9889842403002185
2020-02-26,0.9648923180783116
2020-02-27,0.9647282279539244
2020-02-28,0.9651272281112813
2020-02-29,0.9565617496128599
2020-03-01,0.9547617583907556
2020-03-02,0.970656536360573
2020-03-03,0.9637702666820347
2020-03-04,0.9633868964047088
2020-03-05,0.9730733410359604
2020-03-06,0.983409376968659
2020-03-07,0.9742151244764612
2020-03-08,0.93717903688219
2020-03-09,0.9300160665463174
2020-03-10,0.9307578312502766
2020-03-11,0.9280097056159954
2020-03-12,0.7998178527750793
2020-03-13,0.8454491150707831
2020-03-14,0.8280909697679318
2020-03-15,0.8339730672055791
2020-03-16,0.82716990790103
2020-03-17,0.8314204795064176
2020-03-18,0.831364143706139
2020-03-19,0.8423411169596731
2020-03-20,0.8395118886817287
2020-03-21,0.839806455927746
2020-03-22,0.8269770845389116
2020-03-23,0.8419605924178791
2020-03-24,0.8478865396225599
2020-03-25,0.844602165112862
2020-03-26,0.8471242464407598
2020-03-27,0.8394864752628128
2020-03-28,0.832846011167093
2020-03-29,0.8229027466044377
2020-03-30,0.8387459883542263
2020-03-31,0.8389503431896419
2020-04-01,0.8443817239155643
2020-04-02,0.8499101052104806
2020-04-03,0.8493799081302413
2020-04-04,0.8527197163583478
2020-04-05,0.8507453388042153
2020-04-06,0.8730586526709296
2020-04-07,0.8687983713073869
2020-04-08,0.8758485315514474
2020-04-09,0.8733203142418497
2020-04-10,0.8600731951992949
2020-04-11,0.8608974836197325
2020-04-12,0.863513047903563
2020-04-13,0.8580208730986131
2020-04-14,0.8595193761251644
2020-04-15,0.8483956511141274
2020-04-16,0.8763328164479693
2020-04-17,0.8745637346099923
2020-04-18,0.8890525391538316
2020-04-19,0.8781032369216871
2020-04-20,0.8638039083620245
2020-04-21,0.8645877232831769
2020-04-22,0.878534607894565
2020-04-23,0.8904601343623322
2020-04-24,0.8925541706555167
2020-04-25,0.8975584062415307
2020-04-26,0.9092263960803472
2020-04-27,0.9136891547549925
2020-04-28,0.913283102963333
2020-04-29,0.9595158645222661
2020-04-30,0.944591860400906
2020-05-01,0.9525419536361172
2020-05-02,0.959390807699822
2020-05-03,0.9529271926901209
2020-05-04,0.9507316226227166
2020-05-05,0.950769060923558
2020-05-06,0.9621418180399004
2020-05-07,1.0030171841846256
2020-05-08,0.9960565766970939
2020-05-09,0.9885057037547094
2020-05-10,0.9549933659327613
2020-05-11,0.9504213594129077
2020-05-12,0.9528678949281003
2020-05-13,0.9584531486190873
2020-05-14,0.9719234274743072
2020-05-15,0.9562455389185229
2020-05-16,0.9611396101314762
2020-05-17,0.9714729805208606
2020-05-18,0.976705996437907
2020-05-19,0.9768529104311778
2020-05-20,0.9691318295867881
2020-05-21,0.9526281183847154
2020-05-22,0.9594527408150926
2020-05-23,0.9599006009149893
2020-05-24,0.9482322520009028
2020-05-25,0.9518629427554646
2020-05-26,0.9481476914845679
2020-05-27,0.9601529726424339
2020-05-28,0.9761506425017077
2020-05-29,0.9742046132789152
2020-05-30,1.0156103341785234
2020-05-31,0.9914439499146936
2020-06-01,1.0270654547407585
2020-06-02,0.9641461132813657
2020-06-03,0.9766928122152772
2020-06-04,0.9845010310443078
2020-06-05,0.9730490875590647
2020-06-06,0.9752738821785355
2020-06-07,0.9793194911680689
2020-06-08,0.9813088392997127
2020-06-09,0.9800137467238166
2020-06-10,0.9857206705301068
2020-06-11,0.9557390957474866
2020-06-12,0.9630497329807839
2020-06-13,0.9636116948595661
2020-06-14,0.9579820503290791
2020-06-15,0.959880748179743
2020-06-16,0.9636520823621411
2020-06-17,0.9636520823621411
2020-06-18,0.9631461650189009
2020-06-19,0.9594134277107772
2020-06-20,0.9611994468673092
2020-06-21,0.958802028802315
2020-06-22,0.9761082754549134
2020-06-23,0.9742516935951409
2020-06-24,0.9629122462333604
2020-06-25,0.9606529025603132
2020-06-26,0.9572089522828165
2020-06-27,0.9489927487555319
2020-06-28,0.9534715051637854
2020-06-29,0.9571015839735577
2020-06-30,0.954994955277201
2020-07-01,0.9600398039153666
2020-07-02,0.9543184899149475
2020-07-03,0.9528518231251178
2020-07-04,0.9561689105866547
2020-07-05,0.9544434612419107
2020-07-06,0.9672484222872813
2020-07-07,0.9627827136757244
2020-07-08,0.9789936806629594
2020-07-09,0.9643486535493352
2020-07-10,0.9663877712891074
2020-07-11,0.9624368948677194
2020-07-12,0.9668389748007715
2020-07-13,0.9624340650975699
2020-07-14,0.9648186070297676
2020-07-15,0.9596105816393294
2020-07-16,0.9517848445257702
2020-07-17,0.9522763113408393
2020-07-18,0.9542082698832678
2020-07-19,0.956541996671617
2020-07-20,0.9523085339139151
2020-07-21,0.9613624238985629
2020-07-22,0.9853542096761392
2020-07-23,1.0034852192804105
2020-07-24,1.006472328367367
2020-07-25,1.0457811665547454
2020-07-26,1.0688441700164777
2020-07-27,1.1625713609395152
2020-07-28,1.1486427414238851
2020-07-29,1.1566360416405221
2020-07-30,1.1730882143180652
2020-07-31,1.1992126851505605
2020-08-01,1.278896168601626
2020-08-02,1.2108427795748267
2020-08-03,1.2266037996376937
2020-08-04,1.228170316283378
2020-08-05,1.2586500827992715
2020-08-06,1.2544958068202088
2020-08-07,1.2394712712789682
2020-08-08,1.2526170023130145
2020-08-09,1.248240169327261
2020-08-10,1.2592958963332879
2020-08-11,1.2201484928734088
2020-08-12,1.2262657802102248
2020-08-13,1.2405061229313479
2020-08-14,1.2473239325560899
2020-08-15,1.2447283357902252
2020-08-16,1.2451790995901708
2020-08-17,1.260883975252983
2020-08-18,1.2433893555481295
2020-08-19,1.2341946459087922
2020-08-20,1.2391746341931682
2020-08-21,1.2251302465645195
2020-08-22,1.2305307392227813
2020-08-23,1.2291312251119932
2020-08-24,1.2357646423499666
2020-08-25,1.22135893813648
2020-08-26,1.2243530405198702
2020-08-27,1.2200499671777372
2020-08-28,1.2298528146692462
2020-08-29,1.2308377308302618
2020-08-30,1.2456741485643485
2020-08-31,1.2477965887537805
2020-09-01,1.2694924439941506
2020-09-02,1.2190025311982402
2020-09-03,1.1528921411004331
2020-09-04,1.1594997415171187
2020-09-05,1.131272912161834
2020-09-06,1.1431943261177648
2020-09-07,1.1460121092060704
2020-09-08,1.1332157307093251
2020-09-09,1.1422234962607256
2020-09-10,1.1509239462671803
2020-09-11,1.1546886892211004
2020-09-12,1.1603914776460142
2020-09-13,1.1502003794207367
2020-09-14,1.16276166098862
2020-09-15,1.1610390545385703
2020-09-16,1.171043491294912
2020-09-17,1.1782692273195865
2020-09-18,1.1723753863738016
2020-09-19,1.1822054304812404
2020-09-20,1.1645420819818872
2020-09-21,1.1201246885824974
2020-09-22,1.1237446897644614
2020-09-23,1.1007000948578858
2020-09-24,1.1375017458697219
2020-09-25,1.1357348801196494
2020-09-26,1.139717246147704
2020-09-27,1.1411182018396524
2020-09-28,1.13931295216535
2020-09-29,1.146336011519579
2020-09-30,1.1431419483399605
2020-10-01,1.129284996662818
2020-10-02,1.1225585176353157
2020-10-03,1.1224879386564681
2020-10-04,1.1322344256091945
2020-10-05,1.1381702950861459
2020-10-06,1.1196298296951779
2020-10-07,1.1237355490173417
2020-10-08,1.1387040572926286
2020-10-09,1.1585718857050908
2020-10-10,1.1790354111654229
2020-10-11,1.1866619914814143
2020-10-12,1.209080677732117
2020-10-13,1.1958825100219974
2020-10-14,1.1930223516106158
2020-10-15,1.1930223516106158
2020-10-16,1.1917696781414246
2020-10-17,1.1944685035708575
2020-10-18,1.207950594499917
2020-10-19,1.2212527864872493
2020-10-20,1.2266161428415205
2020-10-21,1.310842683588476
2020-10-22,1.3453918767341182
2020-10-23,1.3362304534630693
2020-10-24,1.3457214791497252
2020-10-25,1.335848266135117
2020-10-26,1.3279359834771256
2020-10-27,1.3635605279215206
2020-10-28,1.324269891970545
2020-10-29,1.3309518642393827
2020-10-30,1.3355655945118092
2020-10-31,1.3456625954791492
2020-11-01,1.344045467886164
2020-11-02,1.3329356794843934
2020-11-03,1.3527486607448005
2020-11-04,1.367068246167361
2020-11-05,1.472601897508152
2020-11-06,1.5197384219947676
2020-11-07,1.4483376836073405
2020-11-08,1.4897440859386555
2020-11-09,1.475635364715166
2020-11-10,1.4801973387396299
2020-11-11,1.5035160389237932
2020-11-12,1.533623801549318
2020-11-13,1.5446348224791504
2020-11-14,1.5175059814728065
2020-11-15,1.5044897876066827
2020-11-16,1.5403160706686485
2020-11-17,1.6042598756353859
2020-11-18,1.6073259244123734
2020-11-19,1.6028060332538419
2020-11-20,1.6693613514719505
2020-11-21,1.7058314796488379
2020-11-22,1.7095695091302883
2020-11-23,1.7425822614323052
2020-11-24,1.7683807485762693
2020-11-25,1.7256254565437217
2020-11-26,1.636751091774992
2020-11-27,1.6356317642838276
2020-11-28,1.6586589259593723
2020-11-29,1.6748213673315528
2020-11-30,1.717395978590233
2020-12-01,1.6726354441700453
2020-12-02,1.6838274955591366
2020-12-03,1.6959964161076844
2020-12-04,1.6539904864150157
2020-12-05,1.670312156106489
2020-12-06,1.6753015469540338
2020-12-07,1.6700165127217277
2020-12-08,1.6470478282366239
2020-12-09,1.656906401315899
2020-12-10,1.648126899048119
2020-12-11,1.639652214432647
2020-12-12,1.6598204542389028
2020-12-13,1.672076912418494
2020-12-14,1.6731961969134317
2020-12-15,1.676412300609811
2020-12-16,1.7224420199077757
2020-12-17,1.7953356001996648
2020-12-18,1.8154971433276403
2020-12-19,1.860557839085197
2020-12-20,1.8261478687406385
2020-12-21,1.7929421708074098
2020-12-22,1.832858054016032
2020-12-23,1.7905621766324613
2020-12-24,1.8104838493858064
2020-12-25,1.8440155289163476
2020-12-26,1.9298882722759265
2020-12-27,1.9432229772389025
2020-12-28,2.002043603185684
2020-12-29,2.0127696718110033
2020-12-30,2.1086188129917867
2020-12-31,2.10548035181978
2021-01-01,2.1169045360597707
2021-01-02,2.2734020384903806
2021-01-03,2.5425977262179766
2021-01-04,2.5054833390902407
2021-01-05,2.600109787104974
2021-01-06,2.745833310672803
2021-01-07,2.8430053310018257
2021-01-08,2.890389778076922
2021-01-09,2.899861928994146
2021-01-10,2.847431690660814
2021-01-11,2.7232221024309053
2021-01-12,2.673559181394426
2021-01-13,2.7378705328670554
2021-01-14,2.778645721508102
2021-01-15,2.7455768353847447
2021-01-16,2.749861378909625
2021-01-17,2.750289245324893
2021-01-18,2.7564685912681677
2021-01-19,2.7706399709221925
2021-01-20,2.7570136843121915
2021-01-21,2.656109436858625
2021-01-22,2.691619524561922
2021-01-23,2.6823884709098893
2021-01-24,2.703486496799739
2021-01-25,2.6913416338380984
2021-01-26,2.6977199295767176
2021-01-27,2.662212016919761
2021-01-28,2.706411020978186
2021-01-29,2.717362205799535
2021-01-30,2.7186357147898033
2021-01-31,2.7003916329005664
2021-02-01,2.7106056030299746
2021-02-02,2.7471267952763228
2021-02-03,2.794487449199023
2021-02-04,2.7658355983825973
2021-02-05,2.8123354368154296
2021-02-06,2.84136762718392
2021-02-07,2.8094562545653106
2021-02-08,3.0281045610359243
2021-02-09,3.055081129148439
2021-02-10,3.003192626822237
2021-02-11,3.0672944033315535
2021-02-12,3.0672944033315535
2021-02-13,3.0649772616017326
2021-02-14,3.0973295187847025
2021-02-15,3.0664781411976123
2021-02-16,3.085834617524385
2021-02-17,3.194214575065207
2021-02-18,3.18789183736186
2021-02-19,3.279240870830937
2021-02-20,3.2597264332617573
2021-02-21,3.3086866907169417
2021-02-22,3.169587329544566
2021-02-23,3.018473452378478
2021-02-24,3.047579108044558
2021-02-25,3.0100998969281525
2021-02-26,2.9891576357794154
2021-02-27,2.987053465976253
2021-02-28,2.977585073350826
2021-03-01,3.044703265427118
2021-03-02,3.0205208084857653
2021-03-03,3.0586373465626515
2021-03-04,3.030773094956933
2021-03-05,3.032859241092264
2021-03-06,3.0543816704567446
2021-03-07,3.0838448751493654
2021-03-08,3.1084064261474986
2021-03-09,3.1428892565870425
2021-03-10,3.152353138769449
2021-03-11,3.18914533794566
2021-03-12,3.1497287972016816
2021-03-13,3.29456934052553
2021-03-14,3.22845185221138
2021-03-15,3.1213189957157192
2021-03-16,3.129420592407857
2021-03-17,3.181563489944646
2021-03-18,3.1500432203899105
2021-03-19,3.168398710388267
2021-03-20,3.169536550552424
2021-03-21,3.156132960088524
2021-03-22,3.106974783998255
2021-03-23,3.1049653983409167
2021-03-24,3.0657462657887984
2021-03-25,3.0532665834989245
2021-03-26,3.120611027720499
2021-03-27,3.141376897535179
2021-03-28,3.130321790681311
2021-03-29,3.181935751113999
2021-03-30,3.2018215632707205
2021-03-31,3.2339941270457637
2021-04-01,3.2540569574001106
2021-04-02,3.353475652593688
2021-04-03,3.245469685579919
2021-04-04,3.2771414357979474
2021-04-05,3.2925495443451407
2021-04-06,3.2901003882264916
2021-04-07,3.2183341720444383
2021-04-08,3.2761638283903918
2021-04-09,3.2727253872237827
2021-04-10,3.3163250478101456
2021-04-11,3.328198396006275
2021-04-12,3.3260785205124965
2021-04-13,3.4725198923603084
2021-04-14,3.5172182602877973
2021-04-15,3.5718231806163896
2021-04-16,3.4821901914443685
2021-04-17,3.4192693737081306
2021-04-18,3.281512957926579
2021-04-19,3.247386247634735
2021-04-20,3.284464835915031
2021-04-21,3.257023035671355
2021-04-22,3.2357668488585336
2021-04-23,3.212488353274848
2021-04-24,3.183364584695371
2021-04-25,3.1742504995714516
2021-04-26,3.2855619140873293
2021-04-27,3.336925977775686
2021-04-28,3.374908090547297
2021-04-29,3.3660677935819083
2021-04-30,3.43031054098975
2021-05-01,3.5111630339118083
2021-05-02,3.4758703033894913
2021-05-03,3.691835235891948
2021-05-04,3.5265697793342663
2021-05-05,3.6998017104710836
2021-05-06,3.667553094178579
2021-05-07,3.6851175704996137
2021-05-08,3.8058982710619036
2021-05-09,3.795549802053351
2021-05-10,3.7443290751137708
2021-05-11,3.8205738588873484
2021-05-12,3.6188263220460906
2021-05-13,3.544834705328405
2021-05-14,3.6203767241699802
2021-05-15,3.5154118030392048
2021-05-16,3.4830513109583485
2021-05-17,3.4255184705362978
2021-05-18,3.4238670071384996
2021-05-19,3.2777529361817432
2021-05-20,3.3558468669336223
2021-05-21,3.268175840969662
2021-05-22,3.2645120359023845
2021-05-23,3.1994372307864274
2021-05-24,3.321227151168055
2021-05-25,3.3233320677471903
2021-05-26,3.3516800398920914
2021-05-27,3.3315532003076256
2021-05-28,3.261532964885439
2021-05-29,3.2352131406017755
2021-05-30,3.2602216820435457
2021-05-31,3.31480774378905
2021-06-01,3.290075732594651
2021-06-02,3.325362746163685
2021-06-03,3.379786157153207
2021-06-04,3.281918169971645
2021-06-05,3.220410088423003
2021-06-06,3.251738413109577
2021-06-07,3.1676873659251052
2021-06-08,3.1427728229657164
2021-06-09,3.289356972948108
2021-06-10,3.2449320129252204
2021-06-11,3.226282730466128
2021-06-12,3.226282730466128
2021-06-13,3.224193970878389
2021-06-14,3.2749121274444977
2021-06-15,3.26083228214169
2021-06-16,3.1651496889693878
2021-06-17,3.1594848048422763
2021-06-18,3.08029004605393
2021-06-19,3.0699936584511454
2021-06-20,3.079490577227786
2021-06-21,2.91921753591604
2021-06-22,2.925845659951145
2021-06-23,2.9552937956358942
2021-06-24,2.9583481715720006
2021-06-25,2.9360214443250885
2021-06-26,2.93374275936228
2021-06-27,2.9573240151915536
2021-06-28,2.971923616020628
2021-06-29,3.00759764107674
2021-06-30,3.020037893934493
2021-07-01,2.9578933789680226
2021-07-02,2.971470868016752
2021-07-03,3.000844765798137
2021-07-04,3.04023903475197
2021-07-05,2.99112599521774
2021-07-06,3.0201799929412445
2021-07-07,3.016658106675914
2021-07-08,2.948131066911879
2021-07-09,2.9771191337374656
2021-07-10,2.9618222201585973
2021-07-11,2.981479591453506
2021-07-12,2.9266952610981987
2021-07-13,2.886877436436118
2021-07-14,2.898524627610235
2021-07-15,2.8615242376964853
2021-07-16,2.855448518270411
2021-07-17,2.8587891875495113
2021-07-18,2.8580360244835497
2021-07-19,2.845603106945774
2021-07-20,2.838875938041737
2021-07-21,2.8759592475018865
2021-07-22,2.880444651602701
2021-07-23,2.934493312553594
2021-07-24,2.9709487663111926
2021-07-25,2.9918412051592416
2021-07-26,3.1013357028458515
2021-07-27,3.180843702728248
2021-07-28,3.214595968727759
2021-07-29,3.2628734038099863
2021-07-30,3.3595668793275406
2021-07-31,3.4042746563408666
2021-08-01,3.3428194597875245
2021-08-02,3.355029591754567
2021-08-03,3.2866668067947002
2021-08-04,3.3815080670887405
2021-08-05,3.4469777334033953
2021-08-06,3.50879967018491
2021-08-07,3.6821334734949898
2021-08-08,3.6128471566694444
2021-08-09,3.6914356414851723
2021-08-10,3.6538135385058523
2021-08-11,3.663977794862306
2021-08-12,3.586768839056258
2021-08-13,3.724106336267933
2021-08-14,3.683175096925947
2021-08-15,3.6923147214191947
2021-08-16,3.6125905693232623
2021-08-17,3.5275242590516105
2021-08-18,3.534766942864262
2021-08-19,3.5837590761689313
2021-08-20,3.6427757355903347
2021-08-21,3.631238142729315
2021-08-22,3.64156010083894
2021-08-23,3.662724783682856
2021-08-24,3.5376888607956634
2021-08-25,3.562051886805077
2021-08-26,3.517359689300456
2021-08-27,3.569273978111149
2021-08-28,3.5624574342047315
2021-08-29,3.562577224234087
2021-08-30,3.5325400346600597
2021-08-31,3.558219100552834
2021-09-01,3.671064624776002
2021-09-02,3.6817419712281216
2021-09-03,3.7170829785986723
2021-09-04,3.7077478418124215
2021-09-05,3.785642860109947
2021-09-06,3.8055557606432124
2021-09-07,3.397968330959698
2021-09-08,3.4030830739427147
2021-09-09,3.3997645710358215
2021-09-10,3.3535446978539842
2021-09-11,3.364041553314224
2021-09-12,3.3956535899292155
2021-09-13,3.3658836921407294
2021-09-14,3.410656150983301
2021-09-15,3.4451699470913777
2021-09-16,3.437493738331345
2021-09-17,3.4119602726062817
2021-09-18,3.429793506933622
2021-09-19,3.404289163589229
2021-09-20,3.3005868492655726
2021-09-21,3.237074044969916
2021-09-22,3.3249634045279834
2021-09-23,3.3539122732015807
2021-09-24,3.3011790581399385
2021-09-25,3.3001107290112484
2021-09-26,3.3192366488468417
2021-09-27,3.298957441651899
2021-09-28,3.263616483937215
2021-09-29,3.2705005710821577
2021-09-30,3.325570950084791
2021-10-01,3.4228609877638148
2021-10-02,3.4341940551384784
2021-10-03,3.4511421116649004
2021-10-04,3.475092563308163
2021-10-05,3.596205606966867
2021-10-06,3.768720990734478
2021-10-07,3.7048586162851027
2021-10-08,3.699484851343278
2021-10-09,3.7384934196652213
2021-10-10,3.7384934196652213
2021-10-11,3.73325952887769
2021-10-12,3.6750946228349544
2021-10-13,3.7347574362275786
2021-10-14,3.801551628485024
2021-10-15,4.005985629468256
2021-10-16,3.972969226976133
2021-10-17,3.9867897342881604
2021-10-18,3.9881270255256407
2021-10-19,4.116096337773848
2021-10-20,4.288385354483756
2021-10-21,4.1014324450980455
2021-10-22,4.033970181547531
2021-10-23,4.085429435944808
2021-10-24,4.048080907254363
2021-10-25,4.1048129993808855
2021-10-26,4.043352248132789
2021-10-27,3.9809197065326978
2021-10-28,4.075728285166364
2021-10-29,4.136646250948431
2021-10-30,4.1007682462320965
2021-10-31,4.093302582596801
2021-11-01,4.094781155464366
2021-11-02,4.170458292669207
2021-11-03,4.172962768195833
2021-11-04,4.134130086155766
2021-11-05,4.1180351809299
2021-11-06,4.13066701587049
2021-11-07,4.1741124106084
2021-11-08,4.304506868416154
2021-11-09,4.267213506603013
2021-11-10,4.176827041268773
2021-11-11,4.20480422184563
2021-11-12,4.164161984820246
2021-11-13,4.167051145399174
2021-11-14,4.17274377203218
2021-11-15,4.149775682593038
2021-11-16,4.062055290533849
2021-11-17,4.062925240513788
2021-11-18,3.9787802541900814
2021-11-19,4.034261213018219
2021-11-20,4.075744740062618
2021-11-21,4.053208043761842
2021-11-22,3.9873000304576887
2021-11-23,4.036566423195562
2021-11-24,4.019037631231509
2021-11-25,4.078669962828941
2021-11-26,3.94470245723107
2021-11-27,3.9629401098689074
2021-11-28,4.03018967226668
2021-11-29,4.058442324763858
2021-11-30,4.06520295937997
2021-12-01,4.054212700049088
2021-12-02,4.032547431035995
2021-12-03,3.92281802122127
2021-12-04,3.8158822424033643
2021-12-05,3.8289845943607634
2021-12-06,3.8669685914144516
2021-12-07,3.8636913017019086
2021-12-08,3.875292360885352
2021-12-09,3.8017558174032953
2021-12-10,3.768382623771535
2021-12-11,3.819811317427081
2021-12-12,3.841222262352142
2021-12-13,3.743022495871343
2021-12-14,3.7783528892906983
2021-12-15,3.8070197538853465
2021-12-16,3.7810954221338418
2021-12-17,3.746689962025134
2021-12-18,3.766482415648319
2021-12-19,3.7614912980594606
2021-12-20,3.7646573352265356
2021-12-21,3.854153511859401
2021-12-22,3.8342344089116582
2021-12-23,3.934751915484869
2021-12-24,3.9232483171473405
2021-12-25,3.9238087453914874
2021-12-26,3.9233560162440657
2021-12-27,3.9160263886049678
2021-12-28,3.749747819344584
2021-12-29,3.6664731418145378
2021-12-30,3.6978843749962316
2021-12-31,3.66802893766173
2022-01-01,3.7210905944080506
2022-01-02,3.721722704912075
2022-01-03,3.6811362975954087
2022-01-04,3.663171223131672
2022-01-05,3.590637200922031
2022-01-06,3.567529390783788
2022-01-07,3.5087742722444597
2022-01-08,3.501927872395172
2022-01-09,3.5117957106408686
2022-01-10,3.499454788293386
2022-01-11,3.5209130855066157
2022-01-12,3.537476135734569
2022-01-13,3.522800672569472
2022-01-14,3.5285884892485893
2022-01-15,3.533162246174263
2022-01-16,3.5378425486819656
2022-01-17,3.4837719314945637
2022-01-18,3.4765107567256153
2022-01-19,3.448715234569803
2022-01-20,3.4040132562160497
2022-01-21,3.2608225225892946
2022-01-22,3.2364331384419764
2022-01-23,3.2572702450509787
2022-01-24,3.243096100803489
2022-01-25,3.246079632480254
2022-01-26,3.24685397758076
2022-01-27,3.24685397758076
2022-01-28,3.24685397758076
2022-01-29,3.2457175786886068
2022-01-30,3.243063675804028
2022-01-31,3.2635631314427718
2022-02-01,3.285475673151542
2022-02-02,3.2340118736313355
2022-02-03,3.2341143349044827
2022-02-04,3.3581877333471617
2022-02-05,3.3726400141678052
2022-02-06,3.392870109021384
2022-02-07,3.392870109021384
2022-02-08,3.3899013476759907
2022-02-09,3.4123913219619695
2022-02-10,3.3426905625553167
2022-02-11,3.300359291539071
2022-02-12,3.2952675825675355
2022-02-13,3.2916832525031325
2022-02-14,3.30728183159738
2022-02-15,3.3712789542442083
2022-02-16,3.3500327154040037
2022-02-17,3.2572110192901316
2022-02-18,3.231885330244299
2022-02-19,3.2276521373597067
2022-02-20,3.2276521373597067
2022-02-21,3.2276521373597067
2022-02-22,3.2276521373597067
2022-02-23,3.2276521373597067
2022-02-24,3.2276521373597067
2022-02-25,3.2276521373597067
2022-02-26,3.2276521373597067
2022-02-27,3.2276521373597067
2022-02-28,3.225957619987593
2022-03-01,3.2531808386621486
2022-03-02,3.245281213845303
2022-03-03,3.204475459202314
2022-03-04,3.1159222910100364
2022-03-05,3.127327728778874
2022-03-06,3.093092225477273
2022-03-07,3.093092225477273
2022-03-08,3.093092225477273
2022-03-09,3.093092225477273
2022-03-10,3.093092225477273
2022-03-11,3.093092225477273
2022-03-12,3.093092225477273
2022-03-13,3.093092225477273
2022-03-14,3.093092225477273
2022-03-15,3.093092225477273
2022-03-16,3.0914683520588975
2022-03-17,3.0952218475497433
2022-03-18,3.1264929887665467
2022-03-19,3.1325298122425087
2022-03-20,3.0782137383214545
2022-03-21,3.078775192752222
2022-03-22,3.1099670290936934
2022-03-23,3.1328236445378743
2022-03-24,3.1967521605265574
2022-03-25,3.2074751349314212
2022-03-26,3.2177181153111216
2022-03-27,3.3279601213395558
2022-03-28,3.3564034427877645
2022-03-29,3.376566505866303
2022-03-30,3.361267992973291
2022-03-31,3.322836902905658
2022-04-01,3.3534412711958046
2022-04-02,3.3494158295936765
2022-04-03,3.3736636382042553
2022-04-04,3.3782959206678895
2022-04-05,3.338957225235005
2022-04-06,3.2690722709221096
2022-04-07,3.2690722709221096
2022-04-08,3.2690722709221096
2022-04-09,3.2690722709221096
2022-04-10,3.2690722709221096
2022-04-11,3.2690722709221096
2022-04-12,3.2690722709221096
2022-04-13,3.2690722709221096
2022-04-14,3.2690722709221096
2022-04-15,3.2690722709221096
2022-04-16,3.2690722709221096
2022-04-17,3.2690722709221096
2022-04-18,3.2690722709221096
2022-04-19,3.2690722709221096
2022-04-20,3.2690722709221096
2022-04-21,3.2690722709221096
2022-04-22,3.2690722709221096
2022-04-23,3.2690722709221096
2022-04-24,3.2690722709221096
2022-04-25,3.2690722709221096
2022-04-26,3.2690722709221096
2022-04-27,3.2690722709221096
2022-04-28,3.2690722709221096
2022-04-29,3.2690722709221096
2022-04-30,3.2690722709221096
2022-05-01,3.2690722709221096
2022-05-02,3.2690722709221096
2022-05-03,3.2690722709221096
2022-05-04,3.267928095627287
2022-05-05,3.2064600607051235
2022-05-06,3.2064600607051235
2022-05-07,3.2064600607051235
2022-05-08,3.2064600607051235
2022-05-09,3.2064600607051235
2022-05-10,3.2064600607051235
2022-05-11,3.2064600607051235
2022-05-12,3.2064600607051235
2022-05-13,3.2064600607051235
2022-05-14,3.2064600607051235
2022-05-15,3.2064600607051235
2022-05-16,3.2064600607051235
2022-05-17,3.2064600607051235
2022-05-18,3.2064600607051235
2022-05-19,3.2064600607051235
2022-05-20,3.205337799683877
2022-05-21,3.210343820216836
2022-05-22,3.232971247210698
2022-05-23,3.188356853488059
2022-05-24,3.203901952235152
2022-05-25,3.195891724627623
2022-05-26,3.1634802957617483
2022-05-27,3.127674275564484
2022-05-28,3.154049160625141
2022-05-29,3.1673493011829326
2022-05-30,3.2619962287720816
2022-05-31,3.2571764096394533
2022-06-01,3.1369634414292635
2022-06-02,3.1551436734585665
2022-06-03,3.1223545590429542
2022-06-04,3.1308148836370573
2022-06-05,3.1351749646043516
2022-06-06,3.1802183885937647
2022-06-07,3.1802183885937647
2022-06-08,3.178548773939753
2022-06-09,3.17300758846964
2022-06-10,3.1226522258243703
2022-06-11,3.0756749625352713
2022-06-12,3.0165909085861418
2022-06-13,3.0165909085861418
2022-06-14,3.0165909085861418
2022-06-15,3.0165909085861418
2022-06-16,3.0165909085861418
2022-06-17,3.0165909085861418
2022-06-18,3.0165909085861418
2022-06-19,3.0165909085861418
2022-06-20,3.0165909085861418
2022-06-21,3.0165909085861418
2022-06-22,3.0165909085861418
2022-06-23,3.0160630051771395
2022-06-24,3.043436812890748
2022-06-25,3.0448266722658452
2022-06-26,3.020574600798361
2022-06-27,3.0072769134464035
2022-06-28,2.9754517588488563
2022-06-29,2.954916958765843
2022-06-30,2.912112755548358
2022-07-01,2.9204270525441753
2022-07-02,2.916677673828776
2022-07-03,2.920547429314284
2022-07-04,2.978332733096886
2022-07-05,2.9724795489806857
2022-07-06,3.0020263108059777
2022-07-07,3.0524066731295214
2022-07-08,3.0610121100845302
2022-07-09,3.0407829013467156
2022-07-10,3.0014387760427836
2022-07-11,2.9513350630670603
2022-07-12,2.9118411741644947
2022-07-13,2.963203756840617
2022-07-14,3.001983271726713
2022-07-15,3.0246020652588568
2022-07-16,3.069927285460886
2022-07-17,3.053061437286534
2022-07-18,3.161208939210175
2022-07-19,3.220360101239297
2022-07-20,3.2079514355588667
2022-07-21,3.2168628631456935
2022-07-22,3.181905107583219
2022-07-23,3.1779920510285335
2022-07-24,3.1956643022749702
2022-07-25,3.0916452652342943
2022-07-26,3.0730908311349414
2022-07-27,3.181062704465977
2022-07-28,3.252363124344732
2022-07-29,3.268941775344643
2022-07-30,3.223167816902713
2022-07-31,3.2123819836077754
2022-08-01,3.2011365094477537
2022-08-02,3.1925932061892968
2022-08-03,3.1798873331924318
2022-08-04,3.1712967727532493
2022-08-05,3.1915691153657115
2022-08-06,3.1823671513413707
2022-08-07,3.1823671513413707
2022-08-08,3.1801394943354313
2022-08-09,3.1296873902169753
2022-08-10,3.1517702373813474
2022-08-11,3.1629451477900123
2022-08-12,3.2061827629318405
2022-08-13,3.2181268640448852
2022-08-14,3.1925444808014567
2022-08-15,3.17882255199064
2022-08-16,3.1672849675967205
2022-08-17,3.1406128602414594
2022-08-18,3.1406128602414594
2022-08-19,3.1406128602414594
2022-08-20,3.1406128602414594
2022-08-21,3.1406128602414594
2022-08-22,3.1406128602414594
2022-08-23,3.1406128602414594
2022-08-24,3.1406128602414594
2022-08-25,3.1406128602414594
2022-08-26,3.1406128602414594
2022-08-27,3.1406128602414594
2022-08-28,3.1406128602414594
2022-08-29,3.1406128602414594
2022-08-30,3.1406128602414594
2022-08-31,3.1406128602414594
2022-09-01,3.1406128602414594
2022-09-02,3.1406128602414594
2022-09-03,3.1406128602414594
2022-09-04,3.1406128602414594
2022-09-05,3.1406128602414594
2022-09-06,3.1406128602414594
2022-09-07,3.140063252990917
2022-09-08,3.1402147844715445
2022-09-09,3.1571847258982575
2022-09-10,3.194886074834859
2022-09-11,3.1866148374479457
2022-09-12,3.219746516982434
2022-09-13,3.0408731029018186
2022-09-14,3.0571751987780176
2022-09-15,3.0021208252737135
2022-09-16,3.003708973728229
2022-09-17,3.017153249095719
2022-09-18,2.991856965742373
2022-09-19,2.991856965742373
2022-09-20,2.991856965742373
2022-09-21,2.991856965742373
2022-09-22,2.991856965742373
2022-09-23,2.991856965742373
2022-09-24,2.991856965742373
2022-09-25,2.991856965742373
2022-09-26,2.991856965742373
2022-09-27,2.991856965742373
2022-09-28,2.9908098158043637
2022-09-29,2.9938885862488016
2022-09-30,2.989582606687998
2022-10-01,2.9809808886224007
2022-10-02,2.961084218492938
2022-10-03,2.9954668945427247
2022-10-04,3.055876392050277
2022-10-05,3.055876392050277
2022-10-06,3.0542720569444506
2022-10-07,3.034596141681058
2022-10-08,3.0255928218625723
2022-10-09,3.027503460353625
2022-10-10,3.009801039385785
2022-10-11,3.00190188107113
2022-10-12,3.0095778459783626
2022-10-13,3.0067774944283387
2022-10-14,3.001642796386969
2022-10-15,2.990623334586236
2022-10-16,2.997942797228562
2022-10-17,3.015817387764378
2022-10-18,3.0024821557583024
2022-10-19,2.9877732009483053
2022-10-20,2.9834217305509667
2022-10-21,2.993465703443256
2022-10-22,2.998531004734785
2022-10-23,3.0232045393134315
2022-10-24,2.9954943123970543
2022-10-25,3.051548450381823
2022-10-26,3.154840118646505
2022-10-27,3.0901645771716604
2022-10-28,3.1114809442762743
2022-10-29,3.13157126456866
2022-10-30,3.1035264154776225
2022-10-31,3.0949276194089905
2022-11-01,3.0967611738856244
2022-11-02,3.0710218865395302
2022-11-03,3.075199324529625
2022-11-04,3.1346798199223587
2022-11-05,3.135113692799513
2022-11-06,3.0991001714695927
2022-11-07,3.0843039646530537
2022-11-08,2.9570846566036137
2022-11-09,2.9570846566036137
2022-11-10,2.9570846566036137
2022-11-11,2.9570846566036137
2022-11-12,2.9570846566036137
2022-11-13,2.9570846566036137
2022-11-14,2.9570846566036137
2022-11-15,2.9570846566036137
2022-11-16,2.9570846566036137
2022-11-17,2.9570846566036137
2022-11-18,2.9570846566036137
2022-11-19,2.9570846566036137
2022-11-20,2.9570846566036137
2022-11-21,2.9570846566036137
2022-11-22,2.9570846566036137
2022-11-23,2.9570846566036137
2022-11-24,2.9560496769738025
2022-11-25,2.9535039887585746
2022-11-26,2.949907568170574
2022-11-27,2.947106741236803
2022-11-28,2.9297100483273826
2022-11-29,2.9534875622462504
2022-11-30,3.0056659700556714
2022-12-01,2.974431359379137
2022-12-02,2.9837474869571805
2022-12-03,2.9625820824841926
2022-12-04,2.982543143536052
2022-12-05,2.970167348146027
2022-12-06,2.9778296534265696
2022-12-07,2.9584705863759426
2022-12-08,2.9868778223421484
2022-12-09,2.973110731914346
2022-12-10,2.9736036255398335
2022-12-11,2.971378052299919
2022-12-12,2.978688079174915
2022-12-13,3.0130140576673736
2022-12-14,3.008717487909905
2022-12-15,2.959152535342099
2022-12-16,2.9020683872240713
2022-12-17,2.908922292044665
2022-12-18,2.908992235653948
2022-12-19,2.8937491847949737
2022-12-20,2.8937491847949737
2022-12-21,2.8937491847949737
2022-12-22,2.8937491847949737
2022-12-23,2.8937491847949737
2022-12-24,2.8937491847949737
2022-12-25,2.8937491847949737
2022-12-26,2.8922299664729563
2022-12-27,2.8804557877741876
2022-12-28,2.873451158290784
2022-12-29,2.873451158290784
2022-12-30,2.873451158290784
2022-12-31,2.873451158290784
2023-01-01,2.873451158290784
2023-01-02,2.8729483043380823
2023-01-03,2.871773687698143
2023-01-04,2.889952684395838
2023-01-05,2.885406856011284
2023-01-06,2.894371029878374
2023-01-07,2.888581549686837
2023-01-08,2.8973513443114274
2023-01-09,2.9260184059318433
2023-01-10,2.953772966863179
2023-01-11,3.0085060754823068
2023-01-12,3.1086343329033985
2023-01-13,3.2021402587506733
2023-01-14,3.340392872691993
2023-01-15,3.3295895631499537
2023-01-16,3.352578820188648
2023-01-17,3.3468165811223636
2023-01-18,3.317020841424627
2023-01-19,3.3382614381914126
2023-01-20,3.4223918873278385
2023-01-21,3.417412120266632
2023-01-22,3.41017714563521
2023-01-23,3.4163619424874656
2023-01-24,3.3748815347473977
2023-01-25,3.4047242868565966
2023-01-26,3.3952015796693007
2023-01-27,3.3957661132723183
2023-01-28,3.3936450643736986
2023-01-29,3.4188557785620177
2023-01-30,3.3510485686958327
2023-01-31,3.3510485686958327
2023-02-01,3.3510485686958327
2023-02-02,3.3510485686958327
2023-02-03,3.350462135196311
2023-02-04,3.351737512164696
2023-02-05,3.341820468265762
2023-02-06,3.341820468265762
2023-02-07,3.3412356496838154
2023-02-08,3.3354169841869346
2023-02-09,3.3354169841869346
2023-02-10,3.3354169841869346
2023-02-11,3.3354169841869346
2023-02-12,3.3354169841869346
2023-02-13,3.3354169841869346
2023-02-14,3.3354169841869346
2023-02-15,3.333665890270236
2023-02-16,3.3072181158416667
2023-02-17,3.303745536820033
2023-02-18,3.30152411813435
2023-02-19,3.2733312624727464
2023-02-20,3.3023252555398876
2023-02-21,3.2359189131314188
2023-02-22,3.2152631315573976
2023-02-23,3.202326851648737
2023-02-24,3.146034781326909
2023-02-25,3.1422377018843695
2023-02-26,3.1650528260546276
2023-02-27,3.1622969005030956
2023-02-28,3.1449435670015236
2023-03-01,3.172220921279555
2023-03-02,3.1647194762672
2023-03-03,3.111800516114339
2023-03-04,3.11052539226364
2023-03-05,3.112778221901058
2023-03-06,3.113517986306646
2023-03-07,3.1039883473478422
2023-03-08,3.0825205792657506
2023-03-09,3.014789621201264
2023-03-10,3.010386465686301
2023-03-11,3.0328855423475263
2023-03-12,3.109886003200099
2023-03-13,3.1973720562794306
2023-03-14,3.2536619725580787
2023-03-15,3.188042145037908
2023-03-16,3.2353626698337563
2023-03-17,3.5035713554355907
2023-03-18,3.4450572194987363
2023-03-19,3.5320376592104683
2023-03-20,3.459071112247264
2023-03-21,3.5095740140781464
2023-03-22,3.4151775750505933
2023-03-23,3.5117946135752987
2023-03-24,3.390077184234641
2023-03-25,3.387518484031366
2023-03-26,3.432164674225785
2023-03-27,3.3587278885877194
2023-03-28,3.3910210636956086
2023-03-29,3.4562244313396024
2023-03-30,3.4254763341214383
2023-03-31,3.4620306382746784
2023-04-01,3.4568432340575175
2023-04-02,3.437477685909858
2023-04-03,3.436100228392943
2023-04-04,3.4651961360066283
2023-04-05,3.4923097746353458
2023-04-06,3.465571219941923
2023-04-07,3.4604109036073813
2023-04-08,3.4554332420376923
2023-04-09,3.4693147698809037
2023-04-10,3.5230831032488066
2023-04-11,3.5379017797176138
2023-04-12,3.5231754929023174
2023-04-13,3.5985948459240897
2023-04-14,3.659728694754763
2023-04-15,3.644263216436965
2023-04-16,3.65176335121514
2023-04-17,3.579845492388335
2023-04-18,3.615331862583151
2023-04-19,3.5052472160991375
2023-04-20,3.49195392991231
2023-04-21,3.4446560609022288
2023-04-22,3.4660483643017934
2023-04-23,3.4568157998100735
2023-04-24,3.450021512891014
2023-04-25,3.4783844566304465
2023-04-26,3.480467523187771
2023-04-27,3.5206036149608058
2023-04-28,3.5140791472479855
2023-04-29,3.513036880038737
2023-04-30,3.512602819156687
2023-05-01,3.4660563969912164
2023-05-02,3.4915391102444904
2023-05-03,3.5087203544884797
2023-05-04,3.497349288363065
2023-05-05,3.541041208924501
2023-05-06,3.4632304863798695
2023-05-07,3.459366363025185
2023-05-08,3.419668237587633
2023-05-09,3.416786112058454
2023-05-10,3.4156451592263757
2023-05-11,3.386460456243057
2023-05-12,3.3829132614567707
2023-05-13,3.383106161289671
2023-05-14,3.3854351416313984
2023-05-15,3.3988753937479514
2023-05-16,3.393953613662144
2023-05-17,3.404481179032472
2023-05-18,3.384282782967502
2023-05-19,3.3876886873768224
2023-05-20,3.3952371221594833
2023-05-21,3.3829654576116117
2023-05-22,3.38792839314162
2023-05-23,3.405479835888665
2023-05-24,3.3447111067837967
2023-05-25,3.3514664282755504
2023-05-26,3.3680579413112928
2023-05-27,3.371489482462772
2023-05-28,3.4774395706991332
2023-05-29,3.438481386427754
2023-05-30,3.4379640480730917
2023-05-31,3.3975289816725436
2023-06-01,3.3699742730988844
2023-06-02,3.3699742730988844
2023-06-03,3.3664358001121304
2023-06-04,3.3711776831002838
2023-06-05,3.2574549130835986
2023-06-06,3.327945800916514
2023-06-07,3.25520523221902
2023-06-08,3.2636294340499656
2023-06-09,3.2603447528726037
2023-06-10,3.2251574638487597
2023-06-11,3.2261954566060367
2023-06-12,3.2241743705095094
2023-06-13,3.222227157195066
2023-06-14,3.180651735276304
2023-06-15,3.19736241051033
2023-06-16,3.2317152713789206
2023-06-17,3.238215506264524
2023-06-18,3.2274468981021123
2023-06-19,3.2549212668386
2023-06-20,3.3519080242801156
2023-06-21,3.5456088990939523
2023-06-22,3.5200218374942525
2023-06-23,3.5639674489920723
2023-06-24,3.5486351817770947
2023-06-25,3.554052167419869
2023-06-26,3.5142723976639973
2023-06-27,3.5491809689660387
2023-06-28,3.476317474098379
2023-06-29,3.5059503986917657
2023-06-30,3.5425782813463167
2023-07-01,3.539870253510369
2023-07-02,3.545282699786056
2023-07-03,3.5853406240652115
2023-07-04,3.5483013172186593
2023-07-05,3.5208403237709693
2023-07-06,3.466861654760974
2023-07-07,3.482212867658776
2023-07-08,3.4792893339156903
2023-07-09,3.4762830064428787
2023-07-10,3.486352084260492
2023-07-11,3.491847672986822
2023-07-12,3.4842327718652686
2023-07-13,3.5382458321238826
2023-07-14,3.4360021720774365
2023-07-15,3.433645978415028
2023-07-16,3.4299945243481447
2023-07-17,3.4220846641218894
2023-07-18,3.407107918807678
2023-07-19,3.407510219401096
2023-07-20,3.405167985388361
2023-07-21,3.4082332469595378
2023-07-22,3.3965957622076397
2023-07-23,3.4113431624618182
2023-07-24,3.379777112330759
2023-07-25,3.3825598980285316
2023-07-26,3.3892362819265696
2023-07-27,3.382360175919776
2023-07-28,3.3888424213325186
2023-07-29,3.3912910397195164
2023-07-30,3.3845548577037703
2023-07-31,3.3822628847899967
2023-08-01,3.3921064289106932
2023-08-02,3.3764452969309926
2023-08-03,3.3772627836106057
2023-08-04,3.37154103645378
2023-08-05,3.37338649036065
2023-08-06,3.3714373620021774
2023-08-07,3.3743510797224983
2023-08-08,3.395255573582121
2023-08-09,3.378090120500906
2023-08-10,3.3684095309591715
2023-08-11,3.3649574413985857
2023-08-12,3.366667867537211
2023-08-13,3.3556395205077956
2023-08-14,3.364284755357304
2023-08-15,3.3436903102021813
2023-08-16,3.3161136042500465
2023-08-17,3.234417190488352
2023-08-18,3.2104418191940356
2023-08-19,3.2139185381998847
2023-08-20,3.2195863634688826
2023-08-21,3.214585318470861
2023-08-22,3.2022846465302903
2023-08-23,3.2266556915901936
2023-08-24,3.2123902863330813
2023-08-25,3.209091657192485
2023-08-26,3.2064965946573833
2023-08-27,3.2112593476271516
2023-08-28,3.2108521092038167
2023-08-29,3.2710599051061178
2023-08-30,3.2407737677849613
2023-08-31,3.13937510608685
2023-09-01,3.12701672648624
2023-09-02,3.1325390454179693
2023-09-03,3.1375651312336883
2023-09-04,3.1265410076284743
2023-09-05,3.126756002066468
2023-09-06,3.1251212181210026
2023-09-07,3.1539699924636424
2023-09-08,3.1346119223765614
2023-09-09,3.1336603735180644
2023-09-10,3.1262290855153436
2023-09-11,3.0709950100436845
2023-09-12,3.1122806583293086
2023-09-13,3.132341262021464
2023-09-14,3.1551760899752703
2023-09-15,3.1642424252091725
2023-09-16,3.151355221043556
2023-09-17,3.1452248652526653
2023-09-18,3.1625160603829796
2023-09-19,3.201065567293597
2023-09-20,3.1884864000962088
2023-09-21,3.148945706483009
2023-09-22,3.1515422256993983
2023-09-23,3.151085143233002
2023-09-24,3.131295279671436
2023-09-25,3.1328112792392533
2023-09-26,3.131217301345214
2023-09-27,3.1361781124837744
2023-09-28,3.1679327570586473
2023-09-29,3.171135099679448
2023-09-30,3.171135099679448
2023-10-01,3.1678054078247846
2023-10-02,3.1166618286441805
2023-10-03,3.1108475391581125
2023-10-04,3.12803470123301
2023-10-05,3.1005813721044957
2023-10-06,3.135099387836137
2023-10-07,3.133262149223669
2023-10-08,3.128828152125954
2023-10-09,3.098311908788667
2023-10-10,3.0893149239672715
2023-10-11,3.0571523158392924
2023-10-12,3.054840879356571
2023-10-13,3.057532789646534
2023-10-14,3.058051596327488
2023-10-15,3.0651708392598924
2023-10-16,3.0993532779038007
2023-10-17,3.0926704771266036
2023-10-18,3.0873298812004566
2023-10-19,3.1046895303817834
2023-10-20,3.180970056630381
2023-10-21,3.20263014911865
2023-10-22,3.214552433255743
2023-10-23,3.482482358474241
2023-10-24,3.5609458328611088
2023-10-25,3.606396756645565
2023-10-26,3.591284596641704
2023-10-27,3.565673025236326
2023-10-28,3.574133696818209
2023-10-29,3.6015634624225976
2023-10-30,3.596631989877073
2023-10-31,3.6041814869629585
2023-11-01,3.677205562833316
2023-11-02,3.6136139472689823
2023-11-03,3.61296893879735
2023-11-04,3.6371201719819046
2023-11-05,3.6546608422538287
2023-11-06,3.650181637043911
2023-11-07,3.6536022404595183
2023-11-08,3.6622876653383623
2023-11-09,3.8043521179106388
2023-11-10,3.8138742613244028
2023-11-11,3.770120468375033
2023-11-12,3.7730151824382654
2023-11-13,3.7550364580312423
2023-11-14,3.698127543858043
2023-11-15,3.783550737130773
2023-11-16,3.661734046393531
2023-11-17,3.6712206585045597
2023-11-18,3.6721747198484778
2023-11-19,3.7027606308830987
2023-11-20,3.707562078051286
2023-11-21,3.6565324185591326
2023-11-22,3.7149333935188213
2023-11-23,3.7125679783091905
2023-11-24,3.725381222827608
2023-11-25,3.7276976833354425
2023-11-26,3.711746409419608
2023-11-27,3.6978813347288413
2023-11-28,3.71653860667456
2023-11-29,3.7112358426782857
2023-11-30,3.708537029803012
2023-12-01,3.7367507669880484
2023-12-02,3.8037748041849992
2023-12-03,3.837097070825202
2023-12-04,3.9865820135253145
2023-12-05,4.155037559226172
2023-12-06,4.096784039909033
2023-12-07,4.1284277043326405
2023-12-08,4.171201540365861
2023-12-09,4.129852768315484
2023-12-10,4.13326291458563
2023-12-11,3.9689234241307974
2023-12-12,3.9698099203909774
2023-12-13,4.015188568552398
2023-12-14,4.029383192119517
2023-12-15,3.9864104625438155
2023-12-16,3.9920704219091827
2023-12-17,3.9697968200946225
2023-12-18,4.000086907088715
2023-12-19,3.9837194487065304
2023-12-20,4.017237552069575
2023-12-21,4.031848749211305
2023-12-22,4.053428845509566
2023-12-23,4.045142364411634
2023-12-24,4.021908635472251
2023-12-25,4.034597143748797
2023-12-26,4.0008467951544375
2023-12-27,4.052171699839781
2023-12-28,4.0246852548796115
2023-12-29,3.9870387837105588
2023-12-30,3.9911490055484466
2023-12-31,3.9884434352861855
2024-01-01,4.04142640221763
2024-01-02,4.081618923866805
2024-01-03,3.9579983589504275
2024-01-04,4.003410276280082
2024-01-05,4.000270299234443
2024-01-06,3.9895232823869495
2024-01-07,3.98369921591777
2024-01-08,4.071315303255772
2024-01-09,4.016971698549127
2024-01-10,4.095792021894503
2024-01-11,4.0933013970933585
2024-01-12,3.889983147765123
2024-01-13,3.9125111530787082
2024-01-14,3.8563282467344826
2024-01-15,3.8822809376837295
2024-01-16,3.9239985897691976
2024-01-17,3.8903972618702265
2024-01-18,3.8392224398583386
2024-01-19,3.8551706405995216
2024-01-20,3.8484958451400146
2024-01-21,3.8429013119217195
2024-01-22,3.7745150426406013
2024-01-23,3.764108283289448
2024-01-24,3.771105801072031
2024-01-25,3.763993888610324
2024-01-26,3.8163530655520836
2024-01-27,3.8219245945451177
2024-01-28,3.8219245945451177
2024-01-29,3.8172427369168
2024-01-30,3.8057457796028684
2024-01-31,3.7786937044244304
2024-02-01,3.7996048144043324
2024-02-02,3.806328531513297
2024-02-03,3.797017239907788
2024-02-04,3.77885229505254
2024-02-05,3.782411668564219
2024-02-06,3.815999196835226
2024-02-07,3.8906861356360536
2024-02-08,3.9517173494322484
2024-02-09,4.0897039492228675
2024-02-10,4.130603696004671
2024-02-11,4.156259315126313
2024-02-12,4.342222950682553
2024-02-13,4.310350656725477
2024-02-14,4.452050235377953
2024-02-15,4.482012257087365
2024-02-16,4.481697846329052
2024-02-17,4.445116897899358
2024-02-18,4.497075621344073
2024-02-19,4.522176298026517
2024-02-20,4.57639276822993
2024-02-21,4.51660179732378
2024-02-22,4.50081645550212
2024-02-23,4.461217455314938
2024-02-24,4.501192396078564
2024-02-25,4.546576822515154
2024-02-26,4.633873596293922
2024-02-27,4.8085701332401305
2024-02-28,5.177791299323096
2024-02-29,5.10307535746779
2024-03-01,5.175888009355706
2024-03-02,5.138400043537566
2024-03-03,5.194294602230617
2024-03-04,5.548262845060327
2024-03-05,5.281184637974398
2024-03-06,5.456201674308853
2024-03-07,5.517372570044435
2024-03-08,5.577845330929101
2024-03-09,5.595439837794162
2024-03-10,5.5950973888854785
2024-03-11,5.850142254425897
2024-03-12,5.757421453791871
2024-03-13,5.828790510700626
2024-03-14,5.697391509711443
2024-03-15,5.569066318495587
2024-03-16,5.37997251302535
2024-03-17,5.455820704584096
2024-03-18,5.4272248958294345
2024-03-19,5.253330281502403
2024-03-20,5.437826735751763
2024-03-21,5.387693896913797
2024-03-22,5.3187178342032295
2024-03-23,5.342877244447537
2024-03-24,5.418217451155134
2024-03-25,5.495586010800226
2024-03-26,5.4956365999304
2024-03-27,5.463968381265221
2024-03-28,5.504982170594261
2024-03-29,5.479478029919034
2024-03-30,5.472986249461959
2024-03-31,5.5240740895620855
2024-04-01,5.421781207823311
2024-04-02,5.303493253056768
2024-04-03,5.3211961355962725
2024-04-04,5.36644588430592
2024-04-05,5.355902941627458
2024-04-06,5.3869041206157435
2024-04-07,5.4063466435599725
2024-04-08,5.491050893518826
2024-04-09,5.289584911713713
2024-04-10,5.331280915488857
2024-04-11,5.308799199831012
2024-04-12,5.160641677419812
2024-04-13,5.076789052823766
2024-04-14,5.1219889938846395
2024-04-15,5.070328599317788
2024-04-16,5.074833412208753
2024-04-17,5.009226988443742
2024-04-18,5.067074704907331
2024-04-19,5.069484137134214
2024-04-20,5.109961223738663
2024-04-21,5.109576382828755
2024-04-22,5.156810189035113
2024-04-23,5.148094591467387
2024-04-24,5.076674847099072
2024-04-25,5.092232213737394
2024-04-26,5.0679083197460715
2024-04-27,5.107154325604559
2024-04-28,5.104052953828863
2024-04-29,5.097522202942602
2024-04-30,4.959685035542167
2024-05-01,4.894993612775524
2024-05-02,4.918671101020388
2024-05-03,5.015368763325356
2024-05-04,5.0329266368434284
2024-05-05,5.042862025293843
2024-05-06,4.985272289681123
2024-05-07,4.934621252849875
2024-05-08,4.868199151751091
2024-05-09,4.951783323510423
2024-05-10,4.851086479925681
2024-05-11,4.847505380247503
2024-05-12,4.860474539697207
2024-05-13,4.917654576258525
2024-05-14,4.85590647409656
2024-05-15,5.056524043849858
2024-05-16,4.966574933325832
2024-05-17,5.084258268849236
2024-05-18,5.096905565911336
2024-05-19,5.036884103483822
2024-05-20,5.436655080662821
2024-05-21,5.45173080120448
2024-05-22,5.381277661927786
2024-05-23,5.3420731984053065
2024-05-24,5.360417848058013
2024-05-25,5.391694552190654
2024-05-26,5.385987382604273
2024-05-27,5.385987382604273
2024-05-28,5.3803320958525385
2024-05-29,5.327952505474017
2024-05-30,5.349640145095238
2024-05-31,5.3139856722888235
2024-06-01,5.339269164650181
2024-06-02,5.3304563820597375
2024-06-03,5.343818098190133
2024-06-04,5.382349779015049
2024-06-05,5.398382433033587
2024-06-06,5.379384953857618
2024-06-07,5.306182247234065
2024-06-08,5.303340898167184
2024-06-09,5.313599495908788
2024-06-10,5.303817025095606
2024-06-11,5.2379470750074475
2024-06-12,5.2642856392913915
2024-06-13,5.222839907018919
2024-06-14,5.2099222297370975
2024-06-15,5.229351314267298
2024-06-16,5.245913859559475
2024-06-17,5.224710339576599
2024-06-18,5.193991425677056
2024-06-19,5.2035412262010965
2024-06-20,5.1962215429606795
2024-06-21,5.182007672995454
2024-06-22,5.181447045709483
2024-06-23,5.151054947595905
2024-06-24,5.079726865720276
2024-06-25,5.116787411726897
2024-06-26,5.094309471505594
2024-06-27,5.122647683466864
2024-06-28,5.085691265757862
2024-06-29,5.0973428549069775
2024-06-30,5.145249219125121
2024-07-01,5.146582688670784
2024-07-02,5.127744012566916
2024-07-03,5.071117617215085
2024-07-04,4.977618383492622
2024-07-05,4.945677245504338
2024-07-06,4.9927107692177035
2024-07-07,4.924076795154571
2024-07-08,4.953068434604972
2024-07-09,4.987685285017064
2024-07-10,4.989480682441695
2024-07-11,4.980304732536046
2024-07-12,4.996040642012629
2024-07-13,5.0639462426259865
2024-07-14,5.158842358640268
2024-07-15,5.391010400473523
2024-07-16,5.3910109827218795
2024-07-17,5.336334791060854
2024-07-18,5.341461433146553
2024-07-19,5.475363998537954
2024-07-20,5.503693819605663
2024-07-21,5.556397380886768
2024-07-22,5.479065646565654
2024-07-23,5.4328290311271905
2024-07-24,5.3561311137221965
2024-07-25,5.310836496382004
2024-07-26,5.43352616453993
2024-07-27,5.433023677478053
2024-07-28,5.441428449096362
2024-07-29,5.376891853381923
2024-07-30,5.342477962904362
2024-07-31,5.275831556669056
2024-08-01,5.2796615922048264
2024-08-02,5.168187108805909
2024-08-03,5.13590235019565
2024-08-04,5.046219633289444
2024-08-05,4.908420829305234
2024-08-06,4.950020097834475
2024-08-07,4.904679093188458
2024-08-08,5.128206437862353
2024-08-09,5.084333078265946
2024-08-10,5.090454534101374
2024-08-11,5.03977980265309
2024-08-12,5.089909868313139
2024-08-13,5.106105445261883
2024-08-14,5.071801860142525
2024-08-15,5.027054053037511
2024-08-16,5.057860025080323
2024-08-17,5.071630784859714
2024-08-18,5.06031322451609
2024-08-19,5.086738214936938
2024-08-20,5.063051767346979
2024-08-21,5.154833713447565
2024-08-22,5.124580337763316
2024-08-23,5.304020841992495
2024-08-24,5.299882889455667
2024-08-25,5.3173407869211395
2024-08-26,5.242875258245067
2024-08-27,5.058069549694271
2024-08-28,5.056622475675812
2024-08-29,5.065619630326365
2024-08-30,5.055921765309682
2024-08-31,5.049137830566378
2024-09-01,4.995561237605374
2024-09-02,5.0314324567067725
2024-09-03,4.977515312889709
2024-09-04,4.985478104719413
2024-09-05,4.946938191586791
2024-09-06,4.900106006656664
2024-09-07,4.904931502827444
2024-09-08,4.921694732825789
2024-09-09,4.96929601412263
2024-09-10,4.980013409300135
2024-09-11,4.973991312694628
2024-09-12,4.991685607024507
2024-09-13,5.108119823388782
2024-09-14,5.081001818368226
2024-09-15,5.022293472063442
2024-09-16,4.980408157020424
2024-09-17,5.07121384622347
2024-09-18,5.118644086902611
2024-09-19,5.212128883121797
2024-09-20,5.239503715760707
2024-09-21,5.259730403947775
2024-09-22,5.262053840857273
2024-09-23,5.2687942381112105
2024-09-24,5.2687942381112105
2024-09-25,5.264184043152864
2024-09-26,5.353331590076882
2024-09-27,5.409565924087604
2024-09-28,5.397788405417186
2024-09-29,5.38278651049212
2024-09-30,5.278266458080985
2024-10-01,5.148189787344329
2024-10-02,5.1238718420756975
2024-10-03,5.1254291275168
2024-10-04,5.150735233254431
2024-10-05,5.1503075565487535
2024-10-06,5.165003350066719
2024-10-07,5.15782871115828
2024-10-08,5.152227092092835
2024-10-09,5.122953066401028
2024-10-10,5.115171507270296
2024-10-11,5.159544274803574
2024-10-12,5.173797127223091
2024-10-13,5.165317172551453
2024-10-14,5.224826235880969
2024-10-15,5.26445448161501
2024-10-16,5.307278225827423
2024-10-17,5.285506697789096
2024-10-18,5.331282787053039
2024-10-19,5.329579304552131
2024-10-20,5.3732468055307345
2024-10-21,5.248795732192355
2024-10-22,5.238130189451514
2024-10-23,5.186206133055309
2024-10-24,5.241652087488703
2024-10-25,5.172752857723984
2024-10-26,5.186613421054707
2024-10-27,5.204230973392233
2024-10-28,5.23388355878687
2024-10-29,5.381509071410148
2024-10-30,5.366845488477846
2024-10-31,5.260221585780452
2024-11-01,5.229375742506299
2024-11-02,5.2208728925419665
2024-11-03,5.201504007076019
2024-11-04,5.184470567632917
2024-11-05,5.215827716430244
2024-11-06,5.320073120614979
2024-11-07,5.331796226823716
2024-11-08,5.387464983194532
2024-11-09,5.478012846806137
2024-11-10,5.677521213727605
2024-11-11,6.17097992207334
2024-11-12,6.0791343023466204
2024-11-13,6.13782082396521
2024-11-14,5.955032436633769
2024-11-15,6.087764821534872
2024-11-16,6.0673512518742605
2024-11-17,6.027257650745471
2024-11-18,6.080502350545519
2024-11-19,6.112890319705151
2024-11-20,6.190098520216834
2024-11-21,6.386469105028211
2024-11-22,6.386490111576941
2024-11-23,6.360205856188497
2024-11-24,6.345459270666633
2024-11-25,6.233895916046745
2024-11-26,6.117773997211717
2024-11-27,6.3252594116498475
2024-11-28,6.27104267596582
2024-11-29,6.299110726579742
2024-11-30,6.330127956639324
2024-12-01,6.3462040878093555
2024-12-02,6.273732588330179
2024-12-03,6.272762806636583
2024-12-04,6.400545725776776
2024-12-05,6.342555003306564
2024-12-06,6.465873623029175
2024-12-07,6.461590829041879
2024-12-08,6.483553274387804
2024-12-09,6.28031180651456
2024-12-10,6.240447366627586
2024-12-11,6.3368804111773045
2024-12-12,6.3087996531856705
2024-12-13,6.331802253306714
2024-12-14,6.323734212030018
2024-12-15,6.431456539815896
2024-12-16,6.475695737095289
2024-12-17,6.464571941740618
2024-12-18,6.172401673495688
2024-12-19,6.091650621906696
2024-12-20,6.099107366956768
2024-12-21,6.0621759715124375
2024-12-22,6.023090449525335
2024-12-23,6.048788820000165
2024-12-24,6.120737481079533
2024-12-25,6.128561524969468
2024-12-26,6.042595546455489
2024-12-27,6.021139293089835
2024-12-28,6.050443604165713
2024-12-29,6.015259015459175
2024-12-30,6.002994566209744
2024-12-31,6.011284999687145
2025-01-01,6.031156782392595
2025-01-02,6.087099007503989
2025-01-03,6.137360252794766
2025-01-04,6.159395453364572
2025-01-05,6.152250232200636
2025-01-06,6.279684744908779
2025-01-07,6.010737884989134
2025-01-08,5.931066929932664
2025-01-09,5.804548724944771
2025-01-10,5.850930453773727
2025-01-11,5.852189521880199
2025-01-12,5.842672357760133
2025-01-13,5.816786941553217
2025-01-14,5.868524654788531
2025-01-15,5.9630582873151985
2025-01-16,5.929717389817193
2025-01-17,6.083050254190906
2025-01-18,6.015418668451684
2025-01-19,5.831183957572108
2025-01-20,5.891490181555674
2025-01-21,5.996134829241186
2025-01-22,5.996134829241186
2025-01-23,5.989838887670483
2025-01-24,5.99341528867517
2025-01-25,6.002922745310812
2025-01-26,5.913834345359974
2025-01-27,5.857948127817674
2025-01-28,5.813738446684679
2025-01-29,5.862680543161746
2025-01-30,5.905642776347779
2025-01-31,5.87660532223077
2025-02-01,5.781582425434579
2025-02-02,5.6791646623920204
2025-02-03,5.7434152601154205
2025-02-04,5.65821434836482
2025-02-05,5.654653108707829
2025-02-06,5.631659194575944
2025-02-07,5.611831273128341
2025-02-08,5.620865813470193
2025-02-09,5.613462421565777
2025-02-10,5.6367852932943245
2025-02-11,5.601968451339792
2025-02-12,5.662320855562385
2025-02-13,5.629447843022958
2025-02-14,5.640417826888969
2025-02-15,5.635232489936925
2025-02-16,5.6084819587752675
2025-02-17,5.623098109562664
2025-02-18,5.600092128264413
2025-02-19,5.629053461127098
2025-02-20,5.656254744847159
2025-02-21,5.572879341324864
2025-02-22,5.614994702368308
2025-02-23,5.614153694322546
2025-02-24,5.426863545381877
2025-02-25,5.379031165058925
2025-02-26,5.26804143811599
2025-02-27,5.277361238709723
2025-02-28,5.271801585101116
2025-03-01,5.295145880163394
2025-03-02,5.4171113025937405
2025-03-03,5.309623711528851
2025-03-04,5.324071732527105
2025-03-05,5.370903801277608
2025-03-06,5.363522693776213
2025-03-07,5.261667319870966
2025-03-08,5.248988560100408
2025-03-09,5.170390906092719
2025-03-10,5.145802009516356
2025-03-11,5.202593945476858
2025-03-12,5.215533067663852
2025-03-13,5.1788223200628405
2025-03-14,5.2233994567608715
2025-03-15,5.225155337806189
2025-03-16,5.171322071263014
2025-03-17,5.214902922120455
2025-03-18,5.177077864507919
2025-03-19,5.336157239378392
2025-03-20,5.236228735008026
2025-03-21,5.230872334255772
2025-03-22,5.227570339779389
2025-03-23,5.289882619039238
2025-03-24,5.358278198407685
2025-03-25,5.3584878068297215
2025-03-26,5.323634146538259
2025-03-27,5.333702381341374
2025-03-28,5.217454553077715
2025-03-29,5.141827312359504
2025-03-30,5.126811287298889
2025-03-31,5.140780591459898
2025-04-01,5.24906907187559
2025-04-02,5.136027838250865
2025-04-03,5.15296056134962
2025-04-04,5.177184482561018
2025-04-05,5.160222322852087
2025-04-06,4.924825915241216
2025-04-07,4.946511846519301
2025-04-08,4.9018402796244045
2025-04-09,4.997144404978977
2025-04-10,4.952527226604173
2025-04-11,5.006065140881763
2025-04-12,5.059532377954376
2025-04-13,5.012412997185239
2025-04-14,5.040065473763507
2025-04-15,5.0026997409982
2025-04-16,5.011290480124086
2025-04-17,5.0357248917046284
2025-04-18,5.023421249008364
2025-04-19,5.051995482178729
2025-04-20,5.0405778831117285
2025-04-21,5.0998678863476155
2025-04-22,5.333540241841624
2025-04-23,5.355597830409941
2025-04-24,5.351886060471187
2025-04-25,5.395748739425525
2025-04-26,5.401516460797843
2025-04-27,5.3687998855709544
2025-04-28,5.402677881064103
2025-04-29,5.360049018101358
2025-04-30,5.364420102100617
2025-05-01,5.4353106153733215
2025-05-02,5.452406274035901
2025-05-03,5.410078883338613
2025-05-04,5.359844125191826
2025-05-05,5.376995235427088
2025-05-06,5.422377111870685
2025-05-07,5.432625858043713
2025-05-08,5.796221117278983
2025-05-09,5.881087705104382
2025-05-10,6.064621337838046
2025-05-11,5.994677500846864
2025-05-12,5.9623226563767115
2025-05-13,6.0454914927357795
2025-05-14,5.99022947639274
2025-05-15,5.977320743504381
2025-05-16,5.974930874421766
2025-05-17,5.9429467775962435
2025-05-18,5.97644192652086
2025-05-19,5.980939753282114
2025-05-20,5.9954295317970585
2025-05-21,6.076020681107828
2025-05-22,6.076020681107828
2025-05-23,6.071767466631052
2025-05-24,6.086146513498084
2025-05-25,6.099258342382839
2025-05-26,6.1052243908729285
2025-05-27,6.101238904496152
2025-05-28,6.08486946590111
2025-05-29,6.043729938982966
2025-05-30,6.020340430378131
2025-05-31,6.03015955750443
2025-06-01,6.044134675083346
2025-06-02,6.046126630324943
2025-06-03,6.04058227794621
2025-06-04,6.031202897913998
2025-06-05,5.989336694388811
2025-06-06,6.027119661579134
2025-06-07,6.044126187733951
2025-06-08,6.0446925249633585
2025-06-09,6.1042608583277875
2025-06-10,6.101587537849635
2025-06-11,6.072923343291376
2025-06-12,5.969698532252237
2025-06-13,5.970037655346609
2025-06-14,5.962701692813406
2025-06-15,5.9633037141868535
2025-06-16,5.986106710771178
2025-06-17,5.952002237184687
2025-06-18,5.954454648181226
2025-06-19,5.953079165858239
2025-06-20,5.934024030530777
2025-06-21,5.910846628236357
2025-06-22,5.902022464063317
2025-06-23,5.96470364908735
2025-06-24,5.970859000073616
2025-06-25,5.988470061595001
2025-06-26,5.982564183679034
2025-06-27,5.984601053661316
2025-06-28,5.991549645786114
2025-06-29,6.01765869929892
2025-06-30,5.985279528367706
2025-07-01,5.9181196874587725
2025-07-02,6.004938174930773
2025-07-03,6.025876612819722
2025-07-04,5.964284998866246
2025-07-05,5.970809373588839
2025-07-06,6.009046775524103
2025-07-07,5.977767412616603
2025-07-08,6.015894903649215
2025-07-09,6.120198792407386
2025-07-10,6.334196680039267
2025-07-11,6.403602563080221
2025-07-12,6.3789823926619125
2025-07-13,6.4294198098352275
2025-07-14,6.494826568787164
2025-07-15,6.501974500049279
2025-07-16,6.697577699574092
2025-07-17,6.803485515347147
2025-07-18,6.798500567207882
2025-07-19,6.830532887529277
2025-07-20,6.922487032806735
2025-07-21,6.930544156451935
2025-07-22,6.947966825430197
2025-07-23,6.835267828203553
2025-07-24,6.866667771709919
2025-07-25,6.860680262972439
2025-07-26,6.875919902912758
2025-07-27,6.9460413346296415
2025-07-28,6.87996409569265
2025-07-29,6.877889844548662
2025-07-30,6.87901596371706
2025-07-31,6.832290037960809
2025-08-01,6.749702300035596
2025-08-02,6.719357120724652
2025-08-03,6.768803430575261
2025-08-04,6.830124366224753
2025-08-05,6.792520058141206
2025-08-06,6.820213998909062
2025-08-07,6.900422724508588
2025-08-08,6.936878508369932
2025-08-09,7.031570773000012
2025-08-10,7.060400012049244
2025-08-11,7.04356648585264
2025-08-12,7.224098409096219
2025-08-13,7.4403752468028985
2025-08-14,7.13460897589383
2025-08-15,7.053135890583196
2025-08-16,7.0546508910270544
2025-08-17,7.080286776459782
2025-08-18,7.000935611575611
2025-08-19,6.865451951334159
2025-08-20,6.932899794502824
2025-08-21,6.884071056381681
2025-08-22,7.0623937921872875
2025-08-23,7.022920796173848
2025-08-24,7.000846514190836
2025-08-25,6.8106354592295
2025-08-26,6.877379648696289
2025-08-27,6.851581535686269
2025-08-28,6.868685619522055
2025-08-29,6.787080143243628
2025-08-30,6.792021961638186
2025-08-31,6.790185574967078
2025-09-01,6.78272632554234
2025-09-02,6.817894018883838
2025-09-03,6.851593376245205
2025-09-04,6.814038910597836
2025-09-05,6.807436687030742
2025-09-06,6.788180730471012
2025-09-07,6.825946093979048
2025-09-08,6.846917117611043
2025-09-09,6.829915563920649
2025-09-10,6.906931018850192
2025-09-11,6.970762553517706
2025-09-12,7.033309311038995
2025-09-13,7.0153590383252675
2025-09-14,6.979452052694552
2025-09-15,6.949799745336509
2025-09-16,6.98226554540443
2025-09-17,7.0078651076001215
2025-09-18,7.01462278151932
2025-09-19,7.01462278151932
2025-09-20,7.008484986585491
2025-09-21,6.990530152953215
2025-09-22,6.871684571079529
2025-09-23,6.84356236712065
2025-09-24,6.858348516054021
2025-09-25,6.746005731861033
2025-09-26,6.784960297773892
2025-09-27,6.782328629693306
2025-09-28,6.841622531921456
2025-09-29,6.888674469773527
2025-09-30,6.868345761152504
2025-10-01,6.963896839600915
2025-10-02,7.078120515335513
2025-10-03,7.166836575249655
2025-10-04,7.15660966305204
2025-10-05,7.214343866735023
2025-10-06,7.333622349537652
2025-10-07,7.113399521295399
2025-10-08,7.1868177244643725
2025-10-09,7.078845411954198
2025-10-10,6.674783516218596
2025-10-11,6.571801924100761
2025-10-12,6.71121117081243
2025-10-13,6.732869879862191
2025-10-14,6.684368807803856
2025-10-15,6.621933052934012
2025-10-16,6.5656015007138615
2025-10-17,6.534036453769878
2025-10-18,6.551381399225026
2025-10-19,6.593208140726865
2025-10-20,6.6193590791995165
2025-10-21,6.572695587407869
2025-10-22,6.541826417706874
2025-10-23,6.587171596319981
2025-10-24,6.615919054606217
2025-10-25,6.628439834682806
2025-10-26,6.70711757155364
2025-10-27,6.676490785472385
2025-10-28,6.595308373046871
2025-10-29,6.4881938909722034
2025-10-30,6.384718602502735
2025-10-31,6.450618783974877
2025-11-01,6.471035975231472
2025-11-02,6.489860456645334
2025-11-03,6.264101499276757
2025-11-04,6.129730718708674
2025-11-05,6.197531679175686
2025-11-06,6.134025448149768
2025-11-07,6.193997387671664
2025-11-08,6.171809998503155
2025-11-09,6.241000339603918
2025-11-10,6.259220129987683
2025-11-11,6.185502733563575
2025-11-12,6.16542974863595
2025-11-13,6.107729702823624
2025-11-14,5.999100608778394
2025-11-15,6.027412237646614
2025-11-16,5.989752805486586
2025-11-17,5.937607767173746
2025-11-18,5.960373861885056
2025-11-19,5.937589968360452
2025-11-20,5.898333227242114
2025-11-21,5.8770816648973305
2025-11-22,5.880829343407768
2025-11-23,5.88827927272009
2025-11-24,5.9265681822215415
2025-11-25,5.927472304128134
2025-11-26,5.941884517416559
2025-11-27,5.937666252051928
2025-11-28,5.937087048617129
2025-11-29,5.924754997136217
2025-11-30,5.923786249007026
2025-12-01,5.8155549305713485
2025-12-02,5.942272377183902
2025-12-03,6.01674627798698
2025-12-04,5.983941735665942
2025-12-05,5.913965171066457
2025-12-06,5.9156241683264685
2025-12-07,5.932213627685943
2025-12-08,5.9589846421039345
2025-12-09,6.03632770771247
2025-12-10,6.026418957222378
2025-12-11,6.014831478473855
2025-12-12,5.947591118438549
2025-12-13,5.952335401506893
2025-12-14,5.9071425927813275
2025-12-15,5.857636028542586
2025-12-16,5.87885326711499
2025-12-17,5.818851910568292
2025-12-18,5.818851910568292
2025-12-19,5.818851910568292
2025-12-20,5.816815312399594
2025-12-21,5.820515427916057
2025-12-22,5.818591205037697
2025-12-23,5.792177432417625
2025-12-24,5.792414695269165
2025-12-25,5.77580488784178
2025-12-26,5.777402128410461
2025-12-27,5.781950871639503
2025-12-28,5.783619240649878
2025-12-29,5.7713728811908025
2025-12-30,5.799459371001812
2025-12-31,5.785248334126926
2026-01-01,5.810677256517905
2026-01-02,5.8577036438589705
2026-01-03,5.867904655240043
2026-01-04,5.882658263895844
2026-01-05,5.939082487127505
2026-01-06,5.939129769301977
2026-01-07,5.8771721803362995
2026-01-08,5.863696152467596
2026-01-09,5.850008721439447
2026-01-10,5.847341849523099
2026-01-11,5.858774229559696
2026-01-12,5.860430703149165
2026-01-13,5.971072321038868
2026-01-14,6.036242079480614
2026-01-15,5.972016044823394
2026-01-16,5.967158313726693
2026-01-17,5.967158313726693
2026-01-18,5.964025555611986
2026-01-19,5.913741804251742
2026-01-20,5.793215353982561
2026-01-21,5.793215353982561
2026-01-22,5.793215353982561
2026-01-23,5.793215353982561
2026-01-24,5.793215353982561
2026-01-25,5.793215353982561
2026-01-26,5.793215353982561
2026-01-27,5.793215353982561
2026-01-28,5.793215353982561
2026-01-29,5.793215353982561
2026-01-30,5.793215353982561
2026-01-31,5.793215353982561
2026-02-01,5.793215353982561
2026-02-02,5.793215353982561
2026-02-03,5.793215353982561
2026-02-04,5.793215353982561
2026-02-05,5.793215353982561
2026-02-06,5.793215353982561
2026-02-07,5.793215353982561
2026-02-08,5.793215353982561
2026-02-09,5.793215353982561
2026-02-10,5.793215353982561
2026-02-11,5.793215353982561
2026-02-12,5.793215353982561
2026-02-13,5.793215353982561
2026-02-14,5.792201541295614
2026-02-15,5.749198922242324
2026-02-16,5.763833144874495
2026-02-17,5.737498126016836
2026-02-18,5.702203721271717
2026-02-19,5.7118762310114795
2026-02-20,5.739240532691229
2026-02-21,5.742622082978209
2026-02-22,5.725955428906508
2026-02-23,5.636464520777425
2026-02-24,5.624446084329298
2026-02-25,5.775814423284903
2026-02-26,5.756068724193099
2026-02-27,5.690386279984893
2026-02-28,5.724180864385174
2026-03-01,5.691063190235349
2026-03-02,5.787838750669422
2026-03-03,5.76291318486152
2026-03-04,5.890746913655061
2026-03-05,5.7912333132948906
2026-03-06,5.707993059258095
2026-03-07,5.686094164630912
2026-03-08,5.6548800130666965
2026-03-09,5.71954267478496
2026-03-10,5.7587332308655474
2026-03-11,5.773410767895908
2026-03-12,5.785580441905145
2026-03-13,5.797340748896568
2026-03-14,5.802638625780354
2026-03-15,5.8559539884121605
2026-03-16,6.0403416987272625
2026-03-17,5.996312305693372
2026-03-18,5.905752533575558
2026-03-19,5.860911944494447
2026-03-20,5.87461389249827
2026-03-21,5.851959468059786
2026-03-22,5.795480507043281
2026-03-23,5.824999562140866
2026-03-24,5.827822124405594
2026-03-25,5.829393464501468
2026-03-26,5.743255847378089
2026-03-27,5.743255847378089
2026-03-28,5.743255847378089
2026-03-29,5.743255847378089
2026-03-30,5.743255847378089
2026-03-31,5.743255847378089
2026-04-01,5.743255847378089
2026-04-02,5.743255847378089
2026-04-03,5.743255847378089
2026-04-04,5.743255847378089
2026-04-05,5.742250777604798
2026-04-06,5.7373713303384735
2026-04-07,5.845518641508073
2026-04-08,5.769716918502617
2026-04-09,5.783524175754885
2026-04-10,5.819961344257714
2026-04-11,5.838235599612702
2026-04-12,5.68694681037262
2026-04-13,5.813638714216758
2026-04-14,5.76534790456409
2026-04-15,5.783718398683281
2026-04-16,5.793706446366123
2026-04-17,5.886242370996388
2026-04-18,5.7973342071551945
2026-04-19,5.73829547834617
2026-04-20,5.786988437722368
2026-04-21,5.795104470458086
2026-04-22,5.849258847648418
2026-04-23,5.829570888658505
2026-04-24,5.810470464983366
2026-04-25,5.813625741814157
2026-04-26,5.8275827686371136
2026-04-27,5.781170993916389
2026-04-28,5.762391397966739
2026-04-29,5.762391397966739
2026-04-30,5.762391397966739
2026-05-01,5.762391397966739
2026-05-02,5.760374560977451
2026-05-03,5.7572776525159535
2026-05-04,5.753247558159193
2026-05-05,5.790573055911709
2026-05-06,5.804846963798578
2026-05-07,5.757052683670128
2026-05-08,5.7602514558490885
2026-05-09,5.768354420926095
2026-05-10,5.7929491748683954
2026-05-11,5.773121776076804
2026-05-12,5.751520272137418
2026-05-13,5.751520272137418
2026-05-14,5.751520272137418
2026-05-15,5.751520272137418
2026-05-16,5.751520272137418
